Ex_Predicted,Ey_Predicted,Ez_Predicted,Er_Predicted_1,Er_Predicted_2
0.06458982,0.0731444,-0.043088473,0.9802042,-0.19799484
0.023189763,0.035896372,-0.018622132,0.98018986,-0.19807763
0.00462762,0.017818477,-0.008539598,0.98014694,-0.19836918
0.0019324278,0.0022145603,0.00076257903,0.9800582,-0.19898371
0.0012182305,0.0003974277,0.0011783345,0.980489,-0.19576058
0.00096017634,0.0006147865,0.0007090736,0.9955967,-0.056380425
0.0009965622,0.00092945877,0.0004649954,1.0001839,-0.0043066423
0.0008022073,0.00076995045,0.0003171526,1.0004282,-0.00065392535
0.0010125255,0.0001846482,0.0009800866,1.0003188,-0.0023176745
